source,target
8,3753
8,3754
9,3753
9,3754
10,3753
10,3754
11,3753
11,3754
12,3753
12,3754
39,3753
39,3754
45,3753
45,3754
46,3753
46,3754
52,3753
52,3754
53,3753
53,3754
54,3753
54,3754
55,3753
55,3754
56,3753
56,3754
72,3753
72,3754
73,3753
73,3754
74,3753
74,3754
75,3753
75,3754
76,3753
76,3754
77,3753
77,3754
78,3753
78,3754
110,3176
110,3177
111,3176
111,3177
112,3176
112,3177
113,3176
113,3177
114,3176
114,3177
142,3753
142,3754
143,3753
143,3754
144,3753
144,3754
174,3176
174,3177
207,3779
208,3779
209,3754
209,3753
210,3753
210,3754
211,3753
211,3754
212,3753
212,3754
213,3753
213,3754
214,3753
214,3754
215,3753
215,3754
216,3753
216,3754
217,3753
217,3754
218,3753
218,3754
219,3753
219,3754
220,3753
220,3754
221,3753
221,3754
222,3753
222,3754
223,3753
223,3754
224,3753
224,3754
229,3176
229,3177
230,3176
230,3177
231,3073
231,3075
231,3079
232,3073
232,3075
232,3079
246,3753
246,3754
247,3753
247,3754
248,3753
248,3754
249,3753
249,3754
252,2981
253,2981
254,2981
255,2350
255,4607
255,4608
256,2350
256,4607
256,4608
257,3753
257,3754
258,3753
258,3754
302,2981
303,2350
303,4607
303,4608
304,2350
304,4607
304,4608
318,3753
318,3754
319,3753
319,3754
320,3753
320,3754
321,3753
321,3754
322,3753
322,3754
323,3753
323,3754
324,3753
324,3754
325,3753
325,3754
326,3753
326,3754
327,3753
327,3754
328,3753
328,3754
329,3753
329,3754
330,3753
330,3754
331,3753
331,3754
332,3753
332,3754
333,3753
333,3754
334,3753
334,3754
335,3753
335,3754
336,3753
336,3754
337,3753
337,3754
338,3753
338,3754
348,3753
348,3754
364,2981
365,2981
366,2981
367,3756
367,3757
367,3758
367,3759
367,3760
367,3916
370,3855
370,3856
370,3857
370,3858
370,3859
370,3860
370,3861
371,3855
371,3856
371,3857
371,3858
371,3859
371,3860
371,3861
372,3855
372,3856
372,3857
372,3858
372,3859
372,3860
372,3861
373,3855
373,3856
373,3857
373,3858
373,3859
373,3860
373,3861
374,3855
374,3856
374,3857
374,3858
374,3859
374,3860
374,3861
375,3855
375,3856
375,3857
375,3858
375,3859
375,3860
375,3861
376,3855
376,3856
376,3857
376,3858
376,3859
376,3860
376,3861
381,3753
381,3754
410,3753
410,3754
411,3753
411,3754
416,3779
417,3753
417,3754
418,3753
418,3754
419,3753
419,3754
420,3753
420,3754
678,3176
678,3177
679,3176
679,3177
680,3176
680,3177
681,3176
681,3177
682,3176
682,3177
683,3176
683,3177
684,3176
684,3177
710,2981
711,2981
712,2981
713,2981
738,2350
738,4607
738,4608
739,2350
739,4607
739,4608
740,2350
740,4607
740,4608
741,2350
741,4607
741,4608
742,2350
742,4607
742,4608
743,2350
743,4607
743,4608
744,2350
744,4607
744,4608
745,2350
745,4607
745,4608
831,3091
831,4550
832,3091
832,4550
833,3091
833,4550
834,3091
834,4550
835,3176
835,3177
836,2981
837,2981
838,2981
839,2981
840,2981
841,2981
842,2981
843,2981
844,2981
845,2981
846,2981
847,2981
848,2981
849,2981
854,2350
854,4607
854,4608
887,3778
995,2981
999,3073
999,3075
999,3079
1076,3753
1076,3754
1077,3753
1077,3754
1078,3753
1078,3754
1079,3753
1079,3754
1080,3753
1080,3754
1081,3753
1081,3754
1082,3753
1082,3754
1083,3753
1083,3754
1084,3753
1084,3754
1085,3753
1085,3754
1086,3753
1086,3754
1087,3855
1087,3856
1087,3857
1087,3858
1087,3859
1087,3860
1087,3861
1097,3176
1097,3177
1098,3176
1098,3177
1099,3176
1099,3177
1100,3091
1100,4550
1116,3779
1136,3073
1136,3075
1136,3079
1166,2981
1186,3091
1186,4550
1192,3778
1216,3778
1217,3778
1218,3778
1219,3778
1220,3778
1228,3753
1228,3754
1229,3753
1229,3754
1230,3753
1230,3754
1231,3753
1231,3754
1232,3753
1232,3754
1233,3753
1233,3754
1234,3753
1234,3754
1235,3753
1235,3754
1236,3753
1236,3754
1237,3753
1237,3754
1239,2981
1240,2981
1241,2981
1242,2981
1243,2981
1249,2350
1249,4607
1249,4608
1250,2350
1250,4607
1250,4608
1251,2350
1251,4607
1251,4608
1252,2350
1252,4607
1252,4608
1253,2350
1253,4607
1253,4608
1254,2350
1254,4607
1254,4608
1276,3091
1276,4550
1277,3091
1277,4550
1278,3091
1278,4550
1279,3091
1279,4550
1280,3176
1280,3177
1281,3176
1281,3177
1282,3176
1282,3177
1283,3176
1283,3177
1293,3756
1293,3757
1293,3758
1293,3759
1293,3760
1293,3916
1294,3756
1294,3757
1294,3758
1294,3759
1294,3760
1294,3916
1295,3756
1295,3757
1295,3758
1295,3759
1295,3760
1295,3916
1296,3756
1296,3757
1296,3758
1296,3759
1296,3760
1296,3916
1303,3779
1342,3753
1342,3754
1343,3753
1343,3754
1375,2981
1376,2981
1377,2981
1378,2981
1379,2981
1380,2981
1381,2981
1382,2981
1383,2981
1384,2981
1385,2981
1386,2981
1387,2981
1388,2981
1389,2981
1390,2981
1391,2981
1394,3176
1394,3177
1395,3176
1395,3177
1396,3176
1396,3177
1458,3073
1458,3075
1458,3079
1459,3073
1459,3075
1459,3079
1460,3855
1460,3856
1460,3857
1460,3858
1460,3859
1460,3860
1460,3861
1461,3855
1461,3856
1461,3857
1461,3858
1461,3859
1461,3860
1461,3861
1462,3855
1462,3856
1462,3857
1462,3858
1462,3859
1462,3860
1462,3861
1463,3855
1463,3856
1463,3857
1463,3858
1463,3859
1463,3861
1463,3860
1464,3855
1464,3856
1464,3857
1464,3858
1464,3859
1464,3860
1464,3861
1465,3855
1465,3856
1465,3857
1465,3858
1465,3859
1465,3860
1465,3861
1466,3855
1466,3856
1466,3857
1466,3858
1466,3859
1466,3860
1466,3861
1565,3756
1565,3757
1565,3758
1565,3759
1565,3760
1565,3916
1566,3756
1566,3757
1566,3758
1566,3759
1566,3760
1566,3916
1610,3073
1610,3075
1610,3079
1611,3073
1611,3075
1611,3079
1612,3073
1612,3075
1612,3079
1613,3073
1613,3075
1613,3079
1614,3073
1614,3075
1614,3079
1615,3073
1615,3075
1615,3079
1616,3073
1616,3075
1616,3079
1617,3073
1617,3075
1617,3079
1618,3073
1618,3075
1618,3079
1619,3073
1619,3075
1619,3079
1620,3073
1620,3075
1620,3079
1621,3073
1621,3075
1621,3079
1622,3073
1622,3075
1622,3079
1674,3778
1679,3753
1679,3754
1723,3073
1723,3075
1723,3079
1724,3073
1724,3075
1724,3079
1725,3073
1725,3075
1725,3079
1726,3073
1726,3075
1726,3079
1727,3073
1727,3075
1727,3079
1728,3073
1728,3075
1728,3079
1729,3073
1729,3075
1729,3079
1730,3073
1730,3075
1730,3079
1731,3073
1731,3075
1731,3079
1732,3073
1732,3075
1732,3079
1733,3073
1733,3075
1733,3079
1734,3073
1734,3075
1734,3079
1735,3073
1735,3075
1735,3079
1736,3073
1736,3075
1736,3079
1737,3073
1737,3075
1737,3079
1738,3073
1738,3075
1738,3079
1739,3073
1739,3075
1739,3079
1740,3073
1740,3075
1740,3079
1741,3073
1741,3075
1741,3079
1742,3073
1742,3075
1742,3079
1743,3073
1743,3075
1743,3079
1744,3073
1744,3075
1744,3079
1745,3073
1745,3075
1745,3079
1746,3073
1746,3075
1746,3079
1747,3073
1747,3075
1747,3079
1748,3073
1748,3075
1748,3079
1749,3855
1749,3856
1749,3857
1749,3858
1749,3859
1749,3860
1749,3861
1750,3855
1750,3856
1750,3857
1750,3858
1750,3859
1750,3860
1750,3861
1751,3855
1751,3856
1751,3857
1751,3858
1751,3859
1751,3860
1751,3861
1752,3855
1752,3856
1752,3857
1752,3858
1752,3859
1752,3860
1752,3861
1753,3855
1753,3856
1753,3857
1753,3858
1753,3859
1753,3860
1753,3861
1754,3855
1754,3856
1754,3857
1754,3858
1754,3859
1754,3860
1754,3861
1755,3855
1755,3856
1755,3857
1755,3858
1755,3859
1755,3860
1755,3861
1756,3855
1756,3856
1756,3857
1756,3858
1756,3859
1756,3860
1756,3861
1757,3855
1757,3856
1757,3857
1757,3858
1757,3859
1757,3860
1757,3861
1758,3855
1758,3856
1758,3857
1758,3858
1758,3859
1758,3860
1758,3861
1759,3855
1759,3856
1759,3857
1759,3858
1759,3859
1759,3860
1759,3861
1760,3855
1760,3856
1760,3857
1760,3858
1760,3859
1760,3860
1760,3861
1761,3779
1762,3779
1763,3779
1764,3779
1765,3779
1766,3779
1767,3779
1768,3753
1768,3754
1769,3753
1769,3754
1770,3753
1770,3754
1771,3753
1771,3754
1772,3753
1772,3754
1773,3753
1773,3754
1860,3091
1860,4550
1861,3091
1861,4550
1862,3091
1862,4550
1863,3091
1863,4550
1864,3091
1864,4550
1865,3091
1865,4550
1866,3091
1866,4550
1867,3091
1867,4550
1868,3091
1868,4550
1869,3091
1869,4550
1870,3091
1870,4550
1871,3091
1871,4550
1872,3091
1872,4550
1873,3091
1873,4550
1874,3091
1874,4550
1903,2981
1904,2981
1905,2981
1906,2981
1907,2981
1908,2981
1909,2981
1910,2981
1911,2981
1912,2981
1913,2981
1914,2981
1915,2981
1939,3073
1939,3075
1939,3079
1940,3073
1940,3075
1940,3079
1941,3073
1941,3075
1941,3079
1942,3073
1942,3075
1942,3079
1943,3073
1943,3075
1943,3079
1944,3073
1944,3075
1944,3079
1945,3073
1945,3075
1945,3079
1946,3073
1946,3075
1946,3079
1947,3073
1947,3075
1947,3079
1948,3073
1948,3075
1948,3079
1949,3073
1949,3075
1949,3079
1950,3073
1950,3075
1950,3079
1951,3073
1951,3075
1951,3079
1952,3073
1952,3075
1952,3079
1953,3073
1953,3075
1953,3079
1954,3073
1954,3075
1954,3079
1955,3073
1955,3075
1955,3079
1956,3073
1956,3075
1956,3079
1957,3073
1957,3075
1957,3079
1958,3073
1958,3075
1958,3079
1959,3073
1959,3075
1959,3079
1960,3073
1960,3075
1960,3079
1961,3073
1961,3075
1961,3079
1962,3073
1962,3075
1962,3079
1963,3073
1963,3075
1963,3079
1964,3073
1964,3075
1964,3079
1965,3073
1965,3075
1965,3079
1966,3073
1966,3075
1966,3079
1967,3073
1967,3075
1967,3079
1968,3073
1968,3075
1968,3079
1969,3073
1969,3075
1969,3079
1970,3855
1970,3856
1970,3857
1970,3858
1970,3859
1970,3860
1970,3861
1971,3855
1971,3856
1971,3857
1971,3858
1971,3859
1971,3860
1971,3861
1972,3855
1972,3856
1972,3857
1972,3858
1972,3859
1972,3860
1972,3861
1973,3855
1973,3856
1973,3857
1973,3858
1973,3859
1973,3860
1973,3861
1974,3855
1974,3856
1974,3857
1974,3858
1974,3859
1974,3860
1974,3861
1975,3855
1975,3856
1975,3857
1975,3858
1975,3859
1975,3860
1975,3861
1976,3855
1976,3856
1976,3857
1976,3858
1976,3859
1976,3860
1976,3861
1977,3855
1977,3856
1977,3857
1977,3858
1977,3859
1977,3860
1977,3861
1978,3855
1978,3856
1978,3857
1978,3858
1978,3859
1978,3860
1978,3861
1979,3855
1979,3856
1979,3857
1979,3858
1979,3859
1979,3860
1979,3861
1980,3855
1980,3856
1980,3857
1980,3858
1980,3859
1980,3860
1980,3861
1981,3855
1981,3856
1981,3857
1981,3858
1981,3859
1981,3860
1981,3861
1982,3855
1982,3856
1982,3857
1982,3858
1982,3859
1982,3860
1982,3861
1983,3855
1983,3856
1983,3857
1983,3858
1983,3859
1983,3860
1983,3861
1984,3855
1984,3856
1984,3857
1984,3858
1984,3859
1984,3860
1984,3861
1985,3855
1985,3856
1985,3857
1985,3858
1985,3859
1985,3860
1985,3861
2032,3756
2032,3757
2032,3758
2032,3759
2032,3760
2032,3916
2033,3756
2033,3757
2033,3758
2033,3759
2033,3760
2033,3916
2034,3756
2034,3757
2034,3758
2034,3759
2034,3760
2034,3916
2035,3756
2035,3757
2035,3758
2035,3759
2035,3760
2035,3916
2036,3756
2036,3757
2036,3758
2036,3759
2036,3760
2036,3916
2080,3091
2080,4550
2084,3753
2084,3754
2085,3753
2085,3754
2086,3753
2086,3754
2087,3753
2087,3754
2088,3753
2088,3754
2089,3753
2089,3754
2090,3753
2090,3754
2091,3753
2091,3754
2092,3753
2092,3754
2095,2580
2095,3076
2099,2322
2099,3322
2100,3322
2100,2322
2101,2322
2101,3322
2103,3753
2103,3754
2104,3753
2104,3754
2105,3753
2105,3754
2106,2322
2106,3322
2129,3753
2129,3754
2130,3753
2130,3754
2131,3753
2131,3754
2132,3753
2132,3754
2133,3753
2133,3754
2134,3753
2134,3754
2135,3753
2135,3754
2146,2981
2147,2981
2148,2981
2149,2981
2153,3753
2153,3754
2154,3753
2154,3754
2155,3753
2155,3754
2156,3753
2156,3754
2158,2343
2159,2343
2160,2343
2170,2343
2171,2343
2172,2580
2172,3076
2173,2580
2173,3076
2174,2580
2174,3076
2175,2580
2175,3076
2176,2580
2176,3076
2177,2580
2177,3076
2178,2580
2178,3076
2179,2580
2179,3076
2188,2322
2188,3322
2189,2322
2189,3322
2208,3753
2208,3754
2212,3176
2212,3177
2213,3176
2213,3177
2248,2580
2248,3076
2250,3091
2250,4550
2257,3753
2257,3754
2258,3753
2258,3754
2259,3753
2259,3754
2261,5012
2261,5016
2268,3073
2268,3075
2268,3079
2283,3753
2283,3754
2284,3753
2284,3754
2285,3753
2285,3754
2286,3753
2286,3754
2287,3753
2287,3754
2288,3753
2288,3754
2289,3753
2289,3754
2290,3753
2290,3754
2291,3753
2291,3754
2292,3753
2292,3754
2293,3753
2293,3754
2294,3753
2294,3754
2295,3753
2295,3754
2296,3753
2296,3754
2297,3753
2297,3754
2298,3753
2298,3754
2313,3779
2314,3779
2315,3088
2315,3123
2322,2099
2322,2100
2322,2101
2322,2106
2322,2188
2322,2189
2322,3322
2334,2343
2339,5573
2341,2343
2342,2343
2343,2158
2343,2159
2343,2160
2343,2170
2343,2171
2343,2334
2343,2341
2343,2342
2343,2344
2343,2349
2343,2438
2343,2439
2343,2440
2343,2441
2343,2442
2343,2443
2343,2588
2343,2888
2343,3090
2343,3308
2343,4199
2343,4200
2343,4201
2343,4202
2343,4203
2343,4204
2343,4205
2343,4206
2343,4207
2343,4208
2343,4209
2343,4210
2343,4211
2343,4212
2343,4213
2343,4214
2343,4215
2343,4216
2343,4217
2343,4218
2343,4219
2343,4220
2343,4221
2343,4222
2343,4223
2343,4224
2343,4225
2343,4226
2343,4227
2343,4231
2343,4232
2343,4938
2343,4970
2343,4971
2343,4972
2343,5473
2343,5474
2343,5527
2344,2343
2349,2343
2350,255
2350,256
2350,303
2350,304
2350,738
2350,739
2350,740
2350,741
2350,742
2350,743
2350,744
2350,745
2350,854
2350,1249
2350,1250
2350,1251
2350,1252
2350,1253
2350,1254
2350,2393
2350,2394
2350,2395
2350,2396
2350,2812
2350,2813
2350,2814
2350,2846
2350,2847
2350,3049
2350,3130
2350,3721
2350,3722
2350,3723
2350,3724
2350,3725
2350,3726
2350,4072
2350,4099
2350,4176
2350,4177
2350,4917
2350,5058
2350,5059
2350,5060
2350,5075
2350,5640
2350,5964
2350,5965
2350,5966
2350,5967
2350,5968
2350,5969
2350,5970
2350,5971
2350,5977
2350,5978
2350,5979
2350,5980
2350,5981
2350,5982
2366,3073
2366,3075
2366,3079
2367,3073
2367,3075
2367,3079
2368,3073
2368,3075
2368,3079
2369,3753
2369,3754
2372,3778
2393,2350
2393,4607
2393,4608
2394,2350
2394,4607
2394,4608
2395,2350
2395,4607
2395,4608
2396,2350
2396,4607
2396,4608
2404,3091
2404,4550
2407,3176
2407,3177
2408,3778
2410,3778
2411,3778
2412,3778
2413,3778
2416,3753
2416,3754
2434,3753
2434,3754
2435,3753
2435,3754
2436,3753
2436,3754
2438,2343
2439,2343
2440,2343
2441,2343
2442,2343
2443,2343
2476,3855
2476,3856
2476,3857
2476,3858
2476,3859
2476,3860
2476,3861
2477,3855
2477,3856
2477,3857
2477,3858
2477,3859
2477,3860
2477,3861
2479,3753
2479,3754
2481,3778
2494,3855
2494,3856
2494,3857
2494,3858
2494,3859
2494,3860
2494,3861
2495,3855
2495,3856
2495,3857
2495,3858
2495,3859
2495,3860
2495,3861
2500,3753
2500,3754
2502,3754
2502,3753
2520,2981
2521,2981
2522,2981
2523,2981
2524,2981
2525,2981
2528,3176
2528,3177
2529,3176
2529,3177
2530,3176
2530,3177
2531,3176
2531,3177
2532,3176
2532,3177
2534,3753
2534,3754
2535,3753
2535,3754
2536,3753
2536,3754
2537,3753
2537,3754
2538,3753
2538,3754
2539,3753
2539,3754
2540,3753
2540,3754
2542,3753
2542,3754
2545,2981
2546,3778
2548,3091
2548,4550
2560,3753
2560,3754
2563,2689
2567,3855
2567,3856
2567,3857
2567,3858
2567,3859
2567,3860
2567,3861
2568,3855
2568,3856
2568,3857
2568,3858
2568,3859
2568,3860
2568,3861
2569,3855
2569,3856
2569,3857
2569,3858
2569,3859
2569,3860
2569,3861
2570,3855
2570,3856
2570,3857
2570,3858
2570,3859
2570,3860
2570,3861
2571,3855
2571,3856
2571,3857
2571,3858
2571,3859
2571,3860
2571,3861
2574,3753
2574,3754
2580,2095
2580,2172
2580,2173
2580,2174
2580,2175
2580,2176
2580,2177
2580,2178
2580,2179
2580,2248
2580,2606
2580,2915
2580,2916
2580,2917
2580,2918
2580,2919
2580,2920
2580,3076
2580,3172
2580,3173
2580,3174
2580,3175
2580,3339
2580,3340
2580,3341
2580,3342
2580,3343
2580,3344
2580,3345
2580,3346
2580,3347
2580,3348
2580,3349
2580,3350
2580,3351
2580,3352
2580,3353
2580,3354
2580,3355
2580,3356
2580,3357
2580,3358
2580,3359
2582,2981
2585,3176
2585,3177
2586,3073
2586,3075
2586,3079
2588,2343
2590,2981
2591,3753
2591,3754
2597,3176
2597,3177
2600,2981
2602,3779
2604,3091
2604,4550
2606,2580
2606,3076
2627,3753
2627,3754
2632,2981
2634,3637
2651,3176
2651,3177
2654,3073
2654,3075
2654,3079
2656,3753
2656,3754
2662,3091
2662,4550
2664,3753
2664,3754
2665,3753
2665,3754
2689,2563
2689,3095
2689,3149
2689,3570
2689,4248
2733,3176
2733,3177
2737,2981
2738,2981
2739,2981
2740,2981
2741,2981
2742,2981
2743,2981
2744,2981
2745,2981
2746,2981
2749,3779
2750,3753
2750,3754
2788,4557
2811,3756
2811,3757
2811,3758
2811,3759
2811,3760
2811,3916
2812,2350
2812,4607
2812,4608
2813,2350
2813,4607
2813,4608
2814,2350
2814,4607
2814,4608
2816,3176
2816,3177
2817,3073
2817,3075
2817,3079
2824,3778
2846,2350
2846,4607
2846,4608
2847,2350
2847,4607
2847,4608
2888,2343
2915,2580
2915,3076
2916,2580
2916,3076
2917,2580
2917,3076
2918,2580
2918,3076
2919,2580
2919,3076
2920,2580
2920,3076
2933,3073
2933,3075
2933,3079
2934,3073
2934,3075
2934,3079
2935,3073
2935,3075
2935,3079
2936,3073
2936,3075
2936,3079
2937,3073
2937,3075
2937,3079
2938,3073
2938,3075
2938,3079
2939,3073
2939,3075
2939,3079
2940,3075
2940,3079
2940,3073
2941,3073
2941,3075
2941,3079
2942,3073
2942,3075
2942,3079
2943,3073
2943,3075
2943,3079
2944,3073
2944,3075
2944,3079
2945,3073
2945,3075
2945,3079
2946,3073
2946,3075
2946,3079
2947,3073
2947,3075
2947,3079
2948,3073
2948,3075
2948,3079
2961,3753
2961,3754
2965,3779
2981,252
2981,253
2981,254
2981,302
2981,364
2981,365
2981,366
2981,710
2981,711
2981,712
2981,713
2981,836
2981,837
2981,838
2981,839
2981,840
2981,841
2981,842
2981,843
2981,844
2981,845
2981,846
2981,847
2981,848
2981,849
2981,995
2981,1166
2981,1239
2981,1240
2981,1241
2981,1242
2981,1243
2981,1375
2981,1376
2981,1377
2981,1378
2981,1379
2981,1380
2981,1381
2981,1382
2981,1383
2981,1384
2981,1385
2981,1386
2981,1387
2981,1388
2981,1389
2981,1390
2981,1391
2981,1903
2981,1904
2981,1905
2981,1906
2981,1907
2981,1908
2981,1909
2981,1910
2981,1911
2981,1912
2981,1913
2981,1914
2981,1915
2981,2146
2981,2147
2981,2148
2981,2149
2981,2520
2981,2521
2981,2522
2981,2523
2981,2524
2981,2525
2981,2545
2981,2582
2981,2590
2981,2600
2981,2632
2981,2737
2981,2738
2981,2739
2981,2740
2981,2741
2981,2742
2981,2743
2981,2744
2981,2745
2981,2746
2981,3047
2981,3065
2981,3129
2981,3242
2981,3243
2981,3244
2981,3245
2981,3286
2981,3516
2981,3517
2981,3518
2981,3519
2981,3578
2981,3648
2981,3649
2981,3664
2981,4069
2981,4097
2981,4119
2981,4120
2981,4121
2981,4166
2981,4167
2981,4384
2981,4385
2981,4400
2981,4438
2981,4439
2981,4516
2981,4517
2981,4518
2981,4519
2981,4667
2981,4668
2981,4669
2981,4914
2981,5071
2981,5129
2981,5130
2981,5131
2981,5133
2981,5134
2981,5189
2981,5190
2981,5191
2981,5192
2981,5193
2981,5194
2981,5195
2981,5248
2981,5249
2981,5250
2981,5251
2981,5252
2981,5274
2981,5373
2981,5374
2981,5375
2981,5376
2981,5377
2981,5378
2981,5379
2981,5380
2981,5381
2981,5382
2981,5383
2981,5384
2981,5385
2981,5386
2981,5387
2981,5388
2981,5389
2981,5390
2981,5391
2981,5400
2981,5401
2981,5402
2981,5403
2981,5404
2981,5444
2981,5952
2981,6001
2981,6002
2981,6003
2981,6004
2981,6005
2981,6015
2981,6023
2982,5601
2982,5929
2983,3475
2990,5012
2990,5016
2991,5012
2991,5016
2992,5012
2992,5016
3034,3176
3034,3177
3035,3753
3035,3754
3045,3753
3045,3754
3047,2981
3048,3073
3048,3075
3048,3079
3049,2350
3049,4607
3049,4608
3050,3778
3051,3779
3057,3756
3057,3757
3057,3758
3057,3759
3057,3760
3057,3916
3058,3756
3058,3757
3058,3758
3058,3759
3058,3760
3058,3916
3059,3756
3059,3757
3059,3758
3059,3759
3059,3760
3059,3916
3060,3756
3060,3757
3060,3758
3060,3759
3060,3760
3060,3916
3061,3756
3061,3757
3061,3758
3061,3759
3061,3760
3061,3916
3062,3756
3062,3757
3062,3758
3062,3759
3062,3760
3062,3916
3063,3756
3063,3757
3063,3758
3063,3759
3063,3760
3063,3916
3064,3756
3064,3757
3064,3758
3064,3759
3064,3760
3064,3916
3065,2981
3073,231
3073,232
3073,999
3073,1136
3073,1458
3073,1459
3073,1610
3073,1611
3073,1612
3073,1613
3073,1614
3073,1615
3073,1616
3073,1617
3073,1618
3073,1619
3073,1620
3073,1621
3073,1622
3073,1723
3073,1724
3073,1725
3073,1726
3073,1727
3073,1728
3073,1729
3073,1730
3073,1731
3073,1732
3073,1733
3073,1734
3073,1735
3073,1736
3073,1737
3073,1738
3073,1739
3073,1740
3073,1741
3073,1742
3073,1743
3073,1744
3073,1745
3073,1746
3073,1747
3073,1748
3073,1939
3073,1940
3073,1941
3073,1942
3073,1943
3073,1944
3073,1945
3073,1946
3073,1947
3073,1948
3073,1949
3073,1950
3073,1951
3073,1952
3073,1953
3073,1954
3073,1955
3073,1956
3073,1957
3073,1958
3073,1959
3073,1960
3073,1961
3073,1962
3073,1963
3073,1964
3073,1965
3073,1966
3073,1967
3073,1968
3073,1969
3073,2268
3073,2366
3073,2367
3073,2368
3073,2586
3073,2654
3073,2817
3073,2933
3073,2934
3073,2935
3073,2936
3073,2937
3073,2938
3073,2939
3073,2940
3073,2941
3073,2942
3073,2943
3073,2944
3073,2945
3073,2946
3073,2947
3073,2948
3073,3048
3073,4402
3073,4421
3073,4911
3073,5065
3073,5350
3073,5351
3073,5352
3073,5353
3073,5354
3073,5355
3073,5356
3073,5357
3073,5358
3073,5359
3073,5360
3073,5361
3073,5362
3073,5363
3073,5364
3073,5365
3073,5366
3073,5371
3073,5372
3073,5460
3073,5524
3073,5525
3073,5526
3073,5530
3073,5657
3073,5683
3073,5941
3073,5989
3073,6028
3073,6046
3075,231
3075,232
3075,999
3075,1136
3075,1458
3075,1459
3075,1610
3075,1611
3075,1612
3075,1613
3075,1614
3075,1615
3075,1616
3075,1617
3075,1618
3075,1619
3075,1620
3075,1621
3075,1622
3075,1723
3075,1724
3075,1725
3075,1726
3075,1727
3075,1728
3075,1729
3075,1730
3075,1731
3075,1732
3075,1733
3075,1734
3075,1735
3075,1736
3075,1737
3075,1738
3075,1739
3075,1740
3075,1741
3075,1742
3075,1743
3075,1744
3075,1745
3075,1746
3075,1747
3075,1748
3075,1939
3075,1940
3075,1941
3075,1942
3075,1943
3075,1944
3075,1945
3075,1946
3075,1947
3075,1948
3075,1949
3075,1950
3075,1951
3075,1952
3075,1953
3075,1954
3075,1955
3075,1956
3075,1957
3075,1958
3075,1959
3075,1960
3075,1961
3075,1962
3075,1963
3075,1964
3075,1965
3075,1966
3075,1967
3075,1968
3075,1969
3075,2268
3075,2366
3075,2367
3075,2368
3075,2586
3075,2654
3075,2817
3075,2933
3075,2934
3075,2935
3075,2936
3075,2937
3075,2938
3075,2939
3075,2940
3075,2941
3075,2942
3075,2943
3075,2944
3075,2945
3075,2946
3075,2947
3075,2948
3075,3048
3075,4402
3075,4421
3075,4911
3075,5065
3075,5350
3075,5351
3075,5352
3075,5353
3075,5354
3075,5355
3075,5356
3075,5357
3075,5358
3075,5359
3075,5360
3075,5361
3075,5362
3075,5363
3075,5364
3075,5365
3075,5366
3075,5371
3075,5372
3075,5460
3075,5524
3075,5525
3075,5526
3075,5530
3075,5657
3075,5683
3075,5941
3075,5989
3075,6028
3075,6046
3076,2095
3076,2172
3076,2173
3076,2174
3076,2175
3076,2176
3076,2177
3076,2178
3076,2179
3076,2248
3076,2580
3076,2606
3076,2915
3076,2916
3076,2917
3076,2918
3076,2919
3076,2920
3076,3172
3076,3173
3076,3174
3076,3175
3076,3339
3076,3340
3076,3341
3076,3342
3076,3343
3076,3344
3076,3345
3076,3346
3076,3347
3076,3348
3076,3349
3076,3350
3076,3351
3076,3352
3076,3353
3076,3354
3076,3355
3076,3356
3076,3357
3076,3358
3076,3359
3079,231
3079,232
3079,999
3079,1136
3079,1458
3079,1459
3079,1610
3079,1611
3079,1612
3079,1613
3079,1614
3079,1615
3079,1616
3079,1617
3079,1618
3079,1619
3079,1620
3079,1621
3079,1622
3079,1723
3079,1724
3079,1725
3079,1726
3079,1727
3079,1728
3079,1729
3079,1730
3079,1731
3079,1732
3079,1733
3079,1734
3079,1735
3079,1736
3079,1737
3079,1738
3079,1739
3079,1740
3079,1741
3079,1742
3079,1743
3079,1744
3079,1745
3079,1746
3079,1747
3079,1748
3079,1939
3079,1940
3079,1941
3079,1942
3079,1943
3079,1944
3079,1945
3079,1946
3079,1947
3079,1948
3079,1949
3079,1950
3079,1951
3079,1952
3079,1953
3079,1954
3079,1955
3079,1956
3079,1957
3079,1958
3079,1959
3079,1960
3079,1961
3079,1962
3079,1963
3079,1964
3079,1965
3079,1966
3079,1967
3079,1968
3079,1969
3079,2268
3079,2366
3079,2367
3079,2368
3079,2586
3079,2654
3079,2817
3079,2933
3079,2934
3079,2935
3079,2936
3079,2937
3079,2938
3079,2939
3079,2940
3079,2941
3079,2942
3079,2943
3079,2944
3079,2945
3079,2946
3079,2947
3079,2948
3079,3048
3079,4402
3079,4421
3079,4911
3079,5065
3079,5350
3079,5351
3079,5352
3079,5353
3079,5354
3079,5355
3079,5356
3079,5357
3079,5358
3079,5359
3079,5360
3079,5361
3079,5362
3079,5363
3079,5364
3079,5365
3079,5366
3079,5371
3079,5372
3079,5460
3079,5524
3079,5525
3079,5526
3079,5530
3079,5657
3079,5683
3079,5941
3079,5989
3079,6028
3079,6046
3088,2315
3090,2343
3091,831
3091,832
3091,833
3091,834
3091,1100
3091,1186
3091,1276
3091,1277
3091,1278
3091,1279
3091,1860
3091,1861
3091,1862
3091,1863
3091,1864
3091,1865
3091,1866
3091,1867
3091,1868
3091,1869
3091,1870
3091,1871
3091,1872
3091,1873
3091,1874
3091,2080
3091,2250
3091,2404
3091,2548
3091,2604
3091,2662
3091,3118
3091,3493
3091,3533
3091,3534
3091,3535
3091,3536
3091,3862
3091,3863
3091,3864
3091,3865
3091,4063
3091,4090
3091,4326
3091,4327
3091,4328
3091,4329
3091,4330
3091,4331
3091,4332
3091,4333
3091,4334
3091,4336
3091,4337
3091,4338
3091,4339
3091,4340
3091,4341
3091,4342
3091,4343
3091,4344
3091,4345
3091,4346
3091,4347
3091,4348
3091,4349
3091,4387
3091,4712
3091,4844
3091,4919
3091,5077
3091,5244
3091,5245
3091,5246
3091,5247
3091,5320
3091,5951
3091,5994
3091,5995
3091,6041
3095,2689
3097,3324
3097,3325
3103,5012
3103,5016
3105,3753
3105,3754
3110,3176
3110,3177
3118,3091
3118,4550
3123,2315
3126,5671
3129,2981
3130,2350
3130,4607
3130,4608
3138,3778
3149,2689
3172,2580
3172,3076
3173,2580
3173,3076
3174,2580
3174,3076
3175,2580
3175,3076
3176,110
3176,111
3176,112
3176,113
3176,114
3176,174
3176,229
3176,230
3176,678
3176,679
3176,680
3176,681
3176,682
3176,683
3176,684
3176,835
3176,1097
3176,1098
3176,1099
3176,1280
3176,1281
3176,1282
3176,1283
3176,1394
3176,1395
3176,1396
3176,2212
3176,2213
3176,2407
3176,2528
3176,2529
3176,2530
3176,2531
3176,2532
3176,2585
3176,2597
3176,2651
3176,2733
3176,2816
3176,3034
3176,3110
3176,3250
3176,3251
3176,4066
3176,4095
3176,4265
3176,4370
3176,4375
3176,4376
3176,4378
3176,4379
3176,4380
3176,4381
3176,4382
3176,4423
3176,4424
3176,4710
3176,4734
3176,4737
3176,4740
3176,5078
3176,5109
3176,5110
3176,5111
3176,5132
3176,5276
3176,5288
3176,5289
3176,5419
3176,5420
3177,110
3177,111
3177,112
3177,113
3177,114
3177,174
3177,229
3177,230
3177,678
3177,679
3177,680
3177,681
3177,682
3177,683
3177,684
3177,835
3177,1097
3177,1098
3177,1099
3177,1280
3177,1281
3177,1282
3177,1283
3177,1394
3177,1395
3177,1396
3177,2212
3177,2213
3177,2407
3177,2528
3177,2529
3177,2530
3177,2531
3177,2532
3177,2585
3177,2597
3177,2651
3177,2733
3177,2816
3177,3034
3177,3110
3177,3250
3177,3251
3177,4066
3177,4095
3177,4265
3177,4370
3177,4375
3177,4376
3177,4378
3177,4379
3177,4380
3177,4381
3177,4382
3177,4423
3177,4424
3177,4710
3177,4734
3177,4737
3177,4740
3177,5078
3177,5109
3177,5110
3177,5111
3177,5132
3177,5276
3177,5288
3177,5289
3177,5419
3177,5420
3178,3668
3178,3669
3241,5012
3241,5016
3242,2981
3243,2981
3244,2981
3245,2981
3250,3176
3250,3177
3251,3176
3251,3177
3257,3753
3257,3754
3258,3753
3258,3754
3268,3855
3268,3856
3268,3857
3268,3858
3268,3859
3268,3860
3268,3861
3269,3855
3269,3856
3269,3857
3269,3858
3269,3859
3269,3860
3269,3861
3282,3779
3286,2981
3287,3756
3287,3757
3287,3758
3287,3759
3287,3760
3287,3916
3288,3756
3288,3757
3288,3758
3288,3759
3288,3760
3288,3916
3304,3753
3304,3754
3308,2343
3321,3781
3322,2099
3322,2100
3322,2101
3322,2106
3322,2188
3322,2189
3322,2322
3324,3097
3325,3097
3339,2580
3339,3076
3340,2580
3340,3076
3341,2580
3341,3076
3342,2580
3342,3076
3343,2580
3343,3076
3344,2580
3344,3076
3345,2580
3345,3076
3346,2580
3346,3076
3347,2580
3347,3076
3348,2580
3348,3076
3349,2580
3349,3076
3350,2580
3350,3076
3351,2580
3351,3076
3352,2580
3352,3076
3353,2580
3353,3076
3354,2580
3354,3076
3355,2580
3355,3076
3356,2580
3356,3076
3357,2580
3357,3076
3358,2580
3358,3076
3359,2580
3359,3076
3389,3778
3415,5601
3415,5929
3418,5012
3418,5016
3424,5548
3428,5012
3428,5016
3429,5012
3429,5016
3430,5012
3430,5016
3438,5012
3438,5016
3449,5012
3449,5016
3475,2983
3475,3640
3483,3753
3483,3754
3493,3091
3493,4550
3516,2981
3517,2981
3518,2981
3519,2981
3520,3855
3520,3856
3520,3857
3520,3858
3520,3859
3520,3860
3520,3861
3532,3778
3533,3091
3533,4550
3534,3091
3534,4550
3535,3091
3535,4550
3536,3091
3536,4550
3537,3855
3537,3856
3537,3857
3537,3858
3537,3859
3537,3860
3537,3861
3538,3855
3538,3856
3538,3857
3538,3858
3538,3859
3538,3860
3538,3861
3570,2689
3573,3753
3573,3754
3578,2981
3580,3756
3580,3757
3580,3758
3580,3759
3580,3760
3580,3916
3582,3855
3582,3856
3582,3857
3582,3858
3582,3859
3582,3860
3582,3861
3593,5012
3593,5016
3619,5012
3619,5016
3620,5012
3620,5016
3621,5012
3621,5016
3622,5012
3622,5016
3623,3772
3626,5012
3626,5016
3627,5012
3627,5016
3637,2634
3640,3475
3648,2981
3649,2981
3651,3855
3651,3856
3651,3857
3651,3858
3651,3859
3651,3860
3651,3861
3652,3855
3652,3856
3652,3857
3652,3858
3652,3859
3652,3860
3652,3861
3653,3855
3653,3856
3653,3857
3653,3858
3653,3859
3653,3860
3653,3861
3654,3855
3654,3856
3654,3857
3654,3858
3654,3859
3654,3860
3654,3861
3655,3855
3655,3856
3655,3857
3655,3858
3655,3859
3655,3860
3655,3861
3656,3855
3656,3856
3656,3857
3656,3858
3656,3859
3656,3860
3656,3861
3657,3855
3657,3856
3657,3857
3657,3858
3657,3859
3657,3860
3657,3861
3658,3855
3658,3856
3658,3857
3658,3858
3658,3859
3658,3860
3658,3861
3659,3855
3659,3856
3659,3857
3659,3858
3659,3859
3659,3860
3659,3861
3660,3855
3660,3856
3660,3857
3660,3858
3660,3859
3660,3860
3660,3861
3661,3855
3661,3856
3661,3857
3661,3858
3661,3859
3661,3860
3661,3861
3662,3855
3662,3856
3662,3857
3662,3858
3662,3859
3662,3860
3662,3861
3663,3855
3663,3856
3663,3857
3663,3858
3663,3859
3663,3860
3663,3861
3664,2981
3668,3178
3668,5477
3668,5814
3669,3178
3669,5477
3669,5814
3721,2350
3721,4607
3721,4608
3722,2350
3722,4607
3722,4608
3723,2350
3723,4607
3723,4608
3724,2350
3724,4607
3724,4608
3725,2350
3725,4607
3725,4608
3726,2350
3726,4607
3726,4608
3732,3778
3753,9
3753,10
3753,11
3753,12
3753,39
3753,45
3753,46
3753,52
3753,53
3753,54
3753,55
3753,56
3753,72
3753,73
3753,74
3753,75
3753,76
3753,77
3753,78
3753,142
3753,143
3753,144
3753,209
3753,210
3753,211
3753,212
3753,213
3753,214
3753,215
3753,216
3753,217
3753,218
3753,219
3753,220
3753,221
3753,222
3753,223
3753,224
3753,246
3753,247
3753,248
3753,249
3753,257
3753,258
3753,318
3753,319
3753,320
3753,321
3753,322
3753,323
3753,324
3753,325
3753,326
3753,327
3753,328
3753,329
3753,330
3753,331
3753,332
3753,333
3753,334
3753,335
3753,336
3753,337
3753,338
3753,348
3753,381
3753,410
3753,411
3753,417
3753,418
3753,419
3753,420
3753,1076
3753,1077
3753,1078
3753,1079
3753,1080
3753,1081
3753,1082
3753,1083
3753,1084
3753,1085
3753,1086
3753,1228
3753,1229
3753,1230
3753,1231
3753,1232
3753,1233
3753,1234
3753,1235
3753,1236
3753,1237
3753,1342
3753,1343
3753,1679
3753,1768
3753,1769
3753,1770
3753,1771
3753,1772
3753,1773
3753,2084
3753,2085
3753,2086
3753,2087
3753,2088
3753,2089
3753,2090
3753,2091
3753,2092
3753,2103
3753,2104
3753,2105
3753,2129
3753,2130
3753,2131
3753,2132
3753,2133
3753,2134
3753,2135
3753,2153
3753,2154
3753,2155
3753,2156
3753,2208
3753,2257
3753,2258
3753,2259
3753,2283
3753,2284
3753,2285
3753,2286
3753,2287
3753,2288
3753,2289
3753,2290
3753,2291
3753,2292
3753,2293
3753,2294
3753,2295
3753,2296
3753,2297
3753,2298
3753,2369
3753,2416
3753,2434
3753,2435
3753,2436
3753,2479
3753,2500
3753,2502
3753,2534
3753,2535
3753,2536
3753,2537
3753,2538
3753,2539
3753,2540
3753,2542
3753,2560
3753,2574
3753,2591
3753,2627
3753,2656
3753,2664
3753,2665
3753,2750
3753,2961
3753,3035
3753,3045
3753,3105
3753,3257
3753,3258
3753,3304
3753,3483
3753,3573
3753,4078
3753,4104
3753,4122
3753,4123
3753,4124
3753,4449
3753,4450
3753,4451
3753,4452
3753,4453
3753,4454
3753,4702
3753,4908
3753,5069
3753,5272
3753,5292
3753,5589
3753,5590
3753,5592
3753,5945
3753,8
3754,8
3754,9
3754,10
3754,11
3754,12
3754,39
3754,45
3754,46
3754,52
3754,53
3754,54
3754,55
3754,56
3754,72
3754,73
3754,74
3754,75
3754,76
3754,77
3754,78
3754,142
3754,143
3754,144
3754,209
3754,210
3754,211
3754,212
3754,213
3754,214
3754,215
3754,216
3754,217
3754,218
3754,219
3754,220
3754,221
3754,222
3754,223
3754,224
3754,246
3754,247
3754,248
3754,249
3754,257
3754,258
3754,318
3754,319
3754,320
3754,321
3754,322
3754,323
3754,324
3754,325
3754,326
3754,327
3754,328
3754,329
3754,330
3754,331
3754,332
3754,333
3754,334
3754,335
3754,336
3754,337
3754,338
3754,348
3754,381
3754,410
3754,411
3754,417
3754,418
3754,419
3754,420
3754,1076
3754,1077
3754,1078
3754,1079
3754,1080
3754,1081
3754,1082
3754,1083
3754,1084
3754,1085
3754,1086
3754,1228
3754,1229
3754,1230
3754,1231
3754,1232
3754,1233
3754,1234
3754,1235
3754,1236
3754,1237
3754,1342
3754,1343
3754,1679
3754,1768
3754,1769
3754,1770
3754,1771
3754,1772
3754,1773
3754,2084
3754,2085
3754,2086
3754,2087
3754,2088
3754,2089
3754,2090
3754,2091
3754,2092
3754,2103
3754,2104
3754,2105
3754,2129
3754,2130
3754,2131
3754,2132
3754,2133
3754,2134
3754,2135
3754,2153
3754,2154
3754,2155
3754,2156
3754,2208
3754,2257
3754,2258
3754,2259
3754,2283
3754,2284
3754,2285
3754,2286
3754,2287
3754,2288
3754,2289
3754,2290
3754,2291
3754,2292
3754,2293
3754,2294
3754,2295
3754,2296
3754,2297
3754,2298
3754,2369
3754,2416
3754,2434
3754,2435
3754,2436
3754,2479
3754,2500
3754,2502
3754,2534
3754,2535
3754,2536
3754,2537
3754,2538
3754,2539
3754,2540
3754,2542
3754,2560
3754,2574
3754,2591
3754,2627
3754,2656
3754,2664
3754,2665
3754,2750
3754,2961
3754,3035
3754,3045
3754,3105
3754,3257
3754,3258
3754,3304
3754,3483
3754,3573
3754,4078
3754,4104
3754,4122
3754,4123
3754,4124
3754,4449
3754,4450
3754,4451
3754,4452
3754,4453
3754,4454
3754,4702
3754,4908
3754,5069
3754,5272
3754,5292
3754,5589
3754,5590
3754,5592
3754,5945
3756,367
3756,1293
3756,1294
3756,1295
3756,1296
3756,1565
3756,1566
3756,2032
3756,2033
3756,2034
3756,2035
3756,2036
3756,2811
3756,3057
3756,3058
3756,3059
3756,3060
3756,3061
3756,3062
3756,3063
3756,3064
3756,3287
3756,3288
3756,3580
3756,3832
3756,4498
3756,4499
3756,4500
3756,4501
3756,4502
3756,4503
3756,4504
3756,5084
3756,5104
3756,5105
3756,5136
3756,5137
3756,5138
3756,5139
3756,5140
3756,5141
3756,5142
3756,5143
3756,5240
3756,5241
3756,5242
3756,5243
3756,5283
3756,5284
3756,5285
3756,5286
3756,5287
3756,5405
3756,5406
3756,5407
3756,5408
3756,5409
3756,5410
3756,5411
3756,5412
3756,5469
3756,6037
3756,6049
3757,367
3757,1293
3757,1294
3757,1295
3757,1296
3757,1565
3757,1566
3757,2032
3757,2033
3757,2034
3757,2035
3757,2036
3757,2811
3757,3057
3757,3058
3757,3059
3757,3060
3757,3061
3757,3062
3757,3063
3757,3064
3757,3287
3757,3288
3757,3580
3757,3832
3757,4498
3757,4499
3757,4500
3757,4501
3757,4502
3757,4503
3757,4504
3757,5084
3757,5104
3757,5105
3757,5136
3757,5137
3757,5138
3757,5139
3757,5140
3757,5141
3757,5142
3757,5143
3757,5240
3757,5241
3757,5242
3757,5243
3757,5283
3757,5284
3757,5285
3757,5286
3757,5287
3757,5405
3757,5406
3757,5407
3757,5408
3757,5409
3757,5410
3757,5411
3757,5412
3757,5469
3757,6037
3757,6049
3758,367
3758,1293
3758,1294
3758,1295
3758,1296
3758,1565
3758,1566
3758,2032
3758,2033
3758,2034
3758,2035
3758,2036
3758,2811
3758,3057
3758,3058
3758,3059
3758,3060
3758,3061
3758,3062
3758,3063
3758,3064
3758,3287
3758,3288
3758,3580
3758,3832
3758,4498
3758,4499
3758,4500
3758,4501
3758,4502
3758,4503
3758,4504
3758,5084
3758,5104
3758,5105
3758,5136
3758,5137
3758,5138
3758,5139
3758,5140
3758,5141
3758,5142
3758,5143
3758,5240
3758,5241
3758,5242
3758,5243
3758,5283
3758,5284
3758,5285
3758,5286
3758,5287
3758,5405
3758,5406
3758,5407
3758,5408
3758,5409
3758,5410
3758,5411
3758,5412
3758,5469
3758,6037
3758,6049
3759,367
3759,1293
3759,1294
3759,1295
3759,1296
3759,1565
3759,1566
3759,2032
3759,2033
3759,2034
3759,2035
3759,2036
3759,2811
3759,3057
3759,3058
3759,3059
3759,3060
3759,3061
3759,3062
3759,3063
3759,3064
3759,3287
3759,3288
3759,3580
3759,3832
3759,4498
3759,4499
3759,4500
3759,4501
3759,4502
3759,4503
3759,4504
3759,5084
3759,5104
3759,5105
3759,5136
3759,5137
3759,5138
3759,5139
3759,5140
3759,5141
3759,5142
3759,5143
3759,5240
3759,5241
3759,5242
3759,5243
3759,5283
3759,5284
3759,5285
3759,5286
3759,5287
3759,5405
3759,5406
3759,5407
3759,5408
3759,5409
3759,5410
3759,5411
3759,5412
3759,5469
3759,6037
3759,6049
3760,367
3760,1293
3760,1294
3760,1295
3760,1296
3760,1565
3760,1566
3760,2032
3760,2033
3760,2034
3760,2035
3760,2036
3760,2811
3760,3057
3760,3058
3760,3059
3760,3060
3760,3061
3760,3062
3760,3063
3760,3064
3760,3287
3760,3288
3760,3580
3760,3832
3760,4498
3760,4499
3760,4500
3760,4501
3760,4502
3760,4503
3760,4504
3760,5084
3760,5104
3760,5105
3760,5136
3760,5137
3760,5138
3760,5139
3760,5140
3760,5141
3760,5142
3760,5143
3760,5240
3760,5241
3760,5242
3760,5243
3760,5283
3760,5284
3760,5285
3760,5286
3760,5287
3760,5405
3760,5406
3760,5407
3760,5408
3760,5409
3760,5410
3760,5411
3760,5412
3760,5469
3760,6037
3760,6049
3772,3623
3778,887
3778,1192
3778,1216
3778,1217
3778,1218
3778,1219
3778,1220
3778,1674
3778,2372
3778,2408
3778,2410
3778,2411
3778,2412
3778,2413
3778,2481
3778,2546
3778,2824
3778,3050
3778,3138
3778,3389
3778,3532
3778,3732
3778,4088
3778,4108
3778,4148
3778,4149
3778,4150
3778,4151
3778,4152
3778,4921
3778,5063
3778,5093
3778,5094
3778,5095
3778,5096
3778,5097
3778,5098
3778,5690
3778,5738
3778,5739
3779,207
3779,208
3779,416
3779,1116
3779,1303
3779,1761
3779,1762
3779,1763
3779,1764
3779,1765
3779,1766
3779,1767
3779,2313
3779,2314
3779,2602
3779,2749
3779,2965
3779,3051
3779,3282
3779,4077
3779,4254
3779,4255
3779,4497
3779,4716
3779,5086
3779,5318
3779,5319
3779,5344
3779,5451
3779,5452
3779,5943
3781,3321
3781,5020
3832,3756
3832,3757
3832,3758
3832,3759
3832,3760
3832,3916
3855,370
3855,371
3855,372
3855,373
3855,374
3855,375
3855,376
3855,1087
3855,1460
3855,1461
3855,1462
3855,1463
3855,1464
3855,1465
3855,1466
3855,1749
3855,1750
3855,1751
3855,1752
3855,1753
3855,1754
3855,1755
3855,1756
3855,1757
3855,1758
3855,1759
3855,1760
3855,1970
3855,1971
3855,1972
3855,1973
3855,1974
3855,1975
3855,1976
3855,1977
3855,1978
3855,1979
3855,1980
3855,1981
3855,1982
3855,1983
3855,1984
3855,1985
3855,2476
3855,2477
3855,2494
3855,2495
3855,2567
3855,2568
3855,2569
3855,2570
3855,2571
3855,3268
3855,3269
3855,3520
3855,3537
3855,3538
3855,3582
3855,3651
3855,3652
3855,3653
3855,3654
3855,3655
3855,3656
3855,3657
3855,3658
3855,3659
3855,3660
3855,3661
3855,3662
3855,3663
3855,3993
3855,3994
3855,3995
3855,3996
3855,3997
3855,3998
3855,3999
3855,4000
3855,4001
3855,4002
3855,4003
3855,4004
3855,4005
3855,4006
3855,4007
3855,4008
3855,4009
3855,4010
3855,4011
3855,4101
3855,4276
3855,4277
3855,4278
3855,4279
3855,4280
3855,4281
3855,4282
3855,4283
3855,4284
3855,4285
3855,4286
3855,4287
3855,4288
3855,4429
3855,4455
3855,4456
3855,4457
3855,4458
3855,4459
3855,4460
3855,4461
3855,4462
3855,4463
3855,4464
3855,4465
3855,4466
3855,4467
3855,4468
3855,4469
3855,4470
3855,4471
3855,4472
3855,4473
3855,4474
3855,4475
3855,4476
3855,4477
3855,4478
3855,4479
3855,4480
3855,4481
3855,4482
3855,4483
3855,4484
3855,4485
3855,4486
3855,4487
3855,4488
3855,4520
3855,4521
3855,4522
3855,4651
3855,4703
3855,5461
3855,5942
3855,5972
3855,5973
3855,5974
3855,5975
3855,5976
3855,6029
3856,370
3856,371
3856,372
3856,373
3856,374
3856,375
3856,376
3856,1087
3856,1460
3856,1461
3856,1462
3856,1463
3856,1464
3856,1465
3856,1466
3856,1749
3856,1750
3856,1751
3856,1752
3856,1753
3856,1754
3856,1755
3856,1756
3856,1757
3856,1758
3856,1759
3856,1760
3856,1970
3856,1971
3856,1972
3856,1973
3856,1974
3856,1975
3856,1976
3856,1977
3856,1978
3856,1979
3856,1980
3856,1981
3856,1982
3856,1983
3856,1984
3856,1985
3856,2476
3856,2477
3856,2494
3856,2495
3856,2567
3856,2568
3856,2569
3856,2570
3856,2571
3856,3268
3856,3269
3856,3520
3856,3537
3856,3538
3856,3582
3856,3651
3856,3652
3856,3653
3856,3654
3856,3655
3856,3656
3856,3657
3856,3658
3856,3659
3856,3660
3856,3661
3856,3662
3856,3663
3856,3993
3856,3994
3856,3995
3856,3996
3856,3997
3856,3998
3856,3999
3856,4000
3856,4001
3856,4002
3856,4003
3856,4004
3856,4005
3856,4006
3856,4007
3856,4008
3856,4009
3856,4010
3856,4011
3856,4101
3856,4276
3856,4277
3856,4278
3856,4279
3856,4280
3856,4281
3856,4282
3856,4283
3856,4284
3856,4285
3856,4286
3856,4287
3856,4288
3856,4429
3856,4455
3856,4456
3856,4457
3856,4458
3856,4459
3856,4460
3856,4461
3856,4462
3856,4463
3856,4464
3856,4465
3856,4466
3856,4467
3856,4468
3856,4469
3856,4470
3856,4471
3856,4472
3856,4473
3856,4474
3856,4475
3856,4476
3856,4477
3856,4478
3856,4479
3856,4480
3856,4481
3856,4482
3856,4483
3856,4484
3856,4485
3856,4486
3856,4487
3856,4488
3856,4520
3856,4521
3856,4522
3856,4651
3856,4703
3856,5461
3856,5942
3856,5972
3856,5973
3856,5974
3856,5975
3856,5976
3856,6029
3857,370
3857,371
3857,372
3857,373
3857,374
3857,375
3857,376
3857,1087
3857,1460
3857,1461
3857,1462
3857,1463
3857,1464
3857,1465
3857,1466
3857,1749
3857,1750
3857,1751
3857,1752
3857,1753
3857,1754
3857,1755
3857,1756
3857,1757
3857,1758
3857,1759
3857,1760
3857,1970
3857,1971
3857,1972
3857,1973
3857,1974
3857,1975
3857,1976
3857,1977
3857,1978
3857,1979
3857,1980
3857,1981
3857,1982
3857,1983
3857,1984
3857,1985
3857,2476
3857,2477
3857,2494
3857,2495
3857,2567
3857,2568
3857,2569
3857,2570
3857,2571
3857,3268
3857,3269
3857,3520
3857,3537
3857,3538
3857,3582
3857,3651
3857,3652
3857,3653
3857,3654
3857,3655
3857,3656
3857,3657
3857,3658
3857,3659
3857,3660
3857,3661
3857,3662
3857,3663
3857,3993
3857,3994
3857,3995
3857,3996
3857,3997
3857,3998
3857,3999
3857,4000
3857,4001
3857,4002
3857,4003
3857,4004
3857,4005
3857,4006
3857,4007
3857,4008
3857,4009
3857,4010
3857,4011
3857,4101
3857,4276
3857,4277
3857,4278
3857,4279
3857,4280
3857,4281
3857,4282
3857,4283
3857,4284
3857,4285
3857,4286
3857,4287
3857,4288
3857,4429
3857,4455
3857,4456
3857,4457
3857,4458
3857,4459
3857,4460
3857,4461
3857,4462
3857,4463
3857,4464
3857,4465
3857,4466
3857,4467
3857,4468
3857,4469
3857,4470
3857,4471
3857,4472
3857,4473
3857,4474
3857,4475
3857,4476
3857,4477
3857,4478
3857,4479
3857,4480
3857,4481
3857,4482
3857,4483
3857,4484
3857,4485
3857,4486
3857,4487
3857,4488
3857,4520
3857,4521
3857,4522
3857,4651
3857,4703
3857,5461
3857,5942
3857,5972
3857,5973
3857,5974
3857,5975
3857,5976
3857,6029
3858,370
3858,371
3858,372
3858,373
3858,374
3858,375
3858,376
3858,1087
3858,1460
3858,1461
3858,1462
3858,1463
3858,1464
3858,1465
3858,1466
3858,1749
3858,1750
3858,1751
3858,1752
3858,1753
3858,1754
3858,1755
3858,1756
3858,1757
3858,1758
3858,1759
3858,1760
3858,1970
3858,1971
3858,1972
3858,1973
3858,1974
3858,1975
3858,1976
3858,1977
3858,1978
3858,1979
3858,1980
3858,1981
3858,1982
3858,1983
3858,1984
3858,1985
3858,2476
3858,2477
3858,2494
3858,2495
3858,2567
3858,2568
3858,2569
3858,2570
3858,2571
3858,3268
3858,3269
3858,3520
3858,3537
3858,3538
3858,3582
3858,3651
3858,3652
3858,3653
3858,3654
3858,3655
3858,3656
3858,3657
3858,3658
3858,3659
3858,3660
3858,3661
3858,3662
3858,3663
3858,3993
3858,3994
3858,3995
3858,3996
3858,3997
3858,3998
3858,3999
3858,4000
3858,4001
3858,4002
3858,4003
3858,4004
3858,4005
3858,4006
3858,4007
3858,4008
3858,4009
3858,4010
3858,4011
3858,4101
3858,4276
3858,4277
3858,4278
3858,4279
3858,4280
3858,4281
3858,4282
3858,4283
3858,4284
3858,4285
3858,4286
3858,4287
3858,4288
3858,4429
3858,4455
3858,4456
3858,4457
3858,4458
3858,4459
3858,4460
3858,4461
3858,4462
3858,4463
3858,4464
3858,4465
3858,4466
3858,4467
3858,4468
3858,4469
3858,4470
3858,4471
3858,4472
3858,4473
3858,4474
3858,4475
3858,4476
3858,4477
3858,4478
3858,4479
3858,4480
3858,4481
3858,4482
3858,4483
3858,4484
3858,4485
3858,4486
3858,4487
3858,4488
3858,4520
3858,4521
3858,4522
3858,4651
3858,4703
3858,5461
3858,5942
3858,5972
3858,5973
3858,5974
3858,5975
3858,5976
3858,6029
3859,370
3859,371
3859,372
3859,373
3859,374
3859,375
3859,376
3859,1087
3859,1460
3859,1461
3859,1462
3859,1463
3859,1464
3859,1465
3859,1466
3859,1749
3859,1750
3859,1751
3859,1752
3859,1753
3859,1754
3859,1755
3859,1756
3859,1757
3859,1758
3859,1759
3859,1760
3859,1970
3859,1971
3859,1972
3859,1973
3859,1974
3859,1975
3859,1976
3859,1977
3859,1978
3859,1979
3859,1980
3859,1981
3859,1982
3859,1983
3859,1984
3859,1985
3859,2476
3859,2477
3859,2494
3859,2495
3859,2567
3859,2568
3859,2569
3859,2570
3859,2571
3859,3268
3859,3269
3859,3520
3859,3537
3859,3538
3859,3582
3859,3651
3859,3652
3859,3653
3859,3654
3859,3655
3859,3656
3859,3657
3859,3658
3859,3659
3859,3660
3859,3661
3859,3662
3859,3663
3859,3993
3859,3994
3859,3995
3859,3996
3859,3997
3859,3998
3859,3999
3859,4000
3859,4001
3859,4002
3859,4003
3859,4004
3859,4005
3859,4006
3859,4007
3859,4008
3859,4009
3859,4010
3859,4011
3859,4101
3859,4276
3859,4277
3859,4278
3859,4279
3859,4280
3859,4281
3859,4282
3859,4283
3859,4284
3859,4285
3859,4286
3859,4287
3859,4288
3859,4429
3859,4455
3859,4456
3859,4457
3859,4458
3859,4459
3859,4460
3859,4461
3859,4462
3859,4463
3859,4464
3859,4465
3859,4466
3859,4467
3859,4468
3859,4469
3859,4470
3859,4471
3859,4472
3859,4473
3859,4474
3859,4475
3859,4476
3859,4477
3859,4478
3859,4479
3859,4480
3859,4481
3859,4482
3859,4483
3859,4484
3859,4485
3859,4486
3859,4487
3859,4488
3859,4520
3859,4521
3859,4522
3859,4651
3859,4703
3859,5461
3859,5942
3859,5972
3859,5973
3859,5974
3859,5975
3859,5976
3859,6029
3860,370
3860,371
3860,372
3860,373
3860,374
3860,375
3860,376
3860,1087
3860,1460
3860,1461
3860,1462
3860,1463
3860,1464
3860,1465
3860,1466
3860,1749
3860,1750
3860,1751
3860,1752
3860,1753
3860,1754
3860,1755
3860,1756
3860,1757
3860,1758
3860,1759
3860,1760
3860,1970
3860,1971
3860,1972
3860,1973
3860,1974
3860,1975
3860,1976
3860,1977
3860,1978
3860,1979
3860,1980
3860,1981
3860,1982
3860,1983
3860,1984
3860,1985
3860,2476
3860,2477
3860,2494
3860,2495
3860,2567
3860,2568
3860,2569
3860,2570
3860,2571
3860,3268
3860,3269
3860,3520
3860,3537
3860,3538
3860,3582
3860,3651
3860,3652
3860,3653
3860,3654
3860,3655
3860,3656
3860,3657
3860,3658
3860,3659
3860,3660
3860,3661
3860,3662
3860,3663
3860,3993
3860,3994
3860,3995
3860,3996
3860,3997
3860,3998
3860,3999
3860,4000
3860,4001
3860,4002
3860,4003
3860,4004
3860,4005
3860,4006
3860,4007
3860,4008
3860,4009
3860,4010
3860,4011
3860,4101
3860,4276
3860,4277
3860,4278
3860,4279
3860,4280
3860,4281
3860,4282
3860,4283
3860,4284
3860,4285
3860,4286
3860,4287
3860,4288
3860,4429
3860,4455
3860,4456
3860,4457
3860,4458
3860,4459
3860,4460
3860,4461
3860,4462
3860,4463
3860,4464
3860,4465
3860,4466
3860,4467
3860,4468
3860,4469
3860,4470
3860,4471
3860,4472
3860,4473
3860,4474
3860,4475
3860,4476
3860,4477
3860,4478
3860,4479
3860,4480
3860,4481
3860,4482
3860,4483
3860,4484
3860,4485
3860,4486
3860,4487
3860,4488
3860,4520
3860,4521
3860,4522
3860,4651
3860,4703
3860,5461
3860,5942
3860,5972
3860,5973
3860,5974
3860,5975
3860,5976
3860,6029
3861,370
3861,371
3861,372
3861,373
3861,374
3861,375
3861,376
3861,1087
3861,1460
3861,1461
3861,1462
3861,1463
3861,1464
3861,1465
3861,1466
3861,1749
3861,1750
3861,1751
3861,1752
3861,1753
3861,1754
3861,1755
3861,1756
3861,1757
3861,1758
3861,1759
3861,1760
3861,1970
3861,1971
3861,1972
3861,1973
3861,1974
3861,1975
3861,1976
3861,1977
3861,1978
3861,1979
3861,1980
3861,1981
3861,1982
3861,1983
3861,1984
3861,1985
3861,2476
3861,2477
3861,2494
3861,2495
3861,2567
3861,2568
3861,2569
3861,2570
3861,2571
3861,3268
3861,3269
3861,3520
3861,3537
3861,3538
3861,3582
3861,3651
3861,3652
3861,3653
3861,3654
3861,3655
3861,3656
3861,3657
3861,3658
3861,3659
3861,3660
3861,3661
3861,3662
3861,3663
3861,3993
3861,3994
3861,3995
3861,3996
3861,3997
3861,3998
3861,3999
3861,4000
3861,4001
3861,4002
3861,4003
3861,4004
3861,4005
3861,4006
3861,4007
3861,4008
3861,4009
3861,4010
3861,4011
3861,4101
3861,4276
3861,4277
3861,4278
3861,4279
3861,4280
3861,4281
3861,4282
3861,4283
3861,4284
3861,4285
3861,4286
3861,4287
3861,4288
3861,4429
3861,4455
3861,4456
3861,4457
3861,4458
3861,4459
3861,4460
3861,4461
3861,4462
3861,4463
3861,4464
3861,4465
3861,4466
3861,4467
3861,4468
3861,4469
3861,4470
3861,4471
3861,4472
3861,4473
3861,4474
3861,4475
3861,4476
3861,4477
3861,4478
3861,4479
3861,4480
3861,4481
3861,4482
3861,4483
3861,4484
3861,4485
3861,4486
3861,4487
3861,4488
3861,4520
3861,4521
3861,4522
3861,4651
3861,4703
3861,5461
3861,5942
3861,5972
3861,5973
3861,5974
3861,5975
3861,5976
3861,6029
3862,3091
3862,4550
3863,3091
3863,4550
3864,3091
3864,4550
3865,3091
3865,4550
3916,367
3916,1293
3916,1294
3916,1295
3916,1296
3916,1565
3916,1566
3916,2032
3916,2033
3916,2034
3916,2035
3916,2036
3916,2811
3916,3057
3916,3058
3916,3059
3916,3060
3916,3061
3916,3062
3916,3063
3916,3064
3916,3287
3916,3288
3916,3580
3916,3832
3916,4498
3916,4499
3916,4500
3916,4501
3916,4502
3916,4503
3916,4504
3916,5084
3916,5104
3916,5105
3916,5136
3916,5137
3916,5138
3916,5139
3916,5140
3916,5141
3916,5142
3916,5143
3916,5240
3916,5241
3916,5242
3916,5243
3916,5283
3916,5284
3916,5285
3916,5286
3916,5287
3916,5405
3916,5406
3916,5407
3916,5408
3916,5409
3916,5410
3916,5411
3916,5412
3916,5469
3916,6037
3916,6049
3993,3855
3993,3856
3993,3857
3993,3858
3993,3859
3993,3860
3993,3861
3994,3855
3994,3856
3994,3857
3994,3858
3994,3859
3994,3860
3994,3861
3995,3855
3995,3856
3995,3857
3995,3858
3995,3859
3995,3860
3995,3861
3996,3855
3996,3856
3996,3857
3996,3858
3996,3859
3996,3860
3996,3861
3997,3855
3997,3856
3997,3857
3997,3858
3997,3859
3997,3860
3997,3861
3998,3855
3998,3856
3998,3857
3998,3858
3998,3859
3998,3860
3998,3861
3999,3855
3999,3856
3999,3857
3999,3858
3999,3859
3999,3860
3999,3861
4000,3855
4000,3856
4000,3857
4000,3858
4000,3859
4000,3860
4000,3861
4001,3855
4001,3856
4001,3857
4001,3858
4001,3859
4001,3860
4001,3861
4002,3855
4002,3856
4002,3857
4002,3858
4002,3859
4002,3860
4002,3861
4003,3855
4003,3856
4003,3857
4003,3858
4003,3859
4003,3860
4003,3861
4004,3855
4004,3856
4004,3857
4004,3858
4004,3859
4004,3860
4004,3861
4005,3855
4005,3856
4005,3857
4005,3858
4005,3859
4005,3860
4005,3861
4006,3855
4006,3856
4006,3857
4006,3858
4006,3859
4006,3860
4006,3861
4007,3855
4007,3856
4007,3857
4007,3858
4007,3859
4007,3860
4007,3861
4008,3855
4008,3856
4008,3857
4008,3858
4008,3859
4008,3860
4008,3861
4009,3855
4009,3856
4009,3857
4009,3858
4009,3859
4009,3860
4009,3861
4010,3855
4010,3856
4010,3857
4010,3858
4010,3859
4010,3860
4010,3861
4011,3855
4011,3856
4011,3857
4011,3858
4011,3859
4011,3860
4011,3861
4063,3091
4063,4550
4066,3176
4066,3177
4069,2981
4072,2350
4072,4607
4072,4608
4077,3779
4078,3753
4078,3754
4088,3778
4090,3091
4090,4550
4095,3176
4095,3177
4097,2981
4099,2350
4099,4607
4099,4608
4101,3855
4101,3856
4101,3857
4101,3858
4101,3859
4101,3860
4101,3861
4104,3753
4104,3754
4108,3778
4119,2981
4120,2981
4121,2981
4122,3753
4122,3754
4123,3753
4123,3754
4124,3753
4124,3754
4148,3778
4149,3778
4150,3778
4151,3778
4152,3778
4166,2981
4167,2981
4176,2350
4176,4607
4176,4608
4177,2350
4177,4607
4177,4608
4199,2343
4200,2343
4201,2343
4202,2343
4203,2343
4204,2343
4205,2343
4206,2343
4207,2343
4208,2343
4209,2343
4210,2343
4211,2343
4212,2343
4213,2343
4214,2343
4215,2343
4216,2343
4217,2343
4218,2343
4219,2343
4220,2343
4221,2343
4222,2343
4223,2343
4224,2343
4225,2343
4226,2343
4227,2343
4231,2343
4232,2343
4248,2689
4254,3779
4255,3779
4265,3176
4265,3177
4276,3855
4276,3856
4276,3857
4276,3858
4276,3859
4276,3860
4276,3861
4277,3855
4277,3856
4277,3857
4277,3858
4277,3859
4277,3860
4277,3861
4278,3855
4278,3856
4278,3857
4278,3858
4278,3859
4278,3860
4278,3861
4279,3855
4279,3856
4279,3857
4279,3858
4279,3859
4279,3860
4279,3861
4280,3855
4280,3856
4280,3857
4280,3858
4280,3859
4280,3860
4280,3861
4281,3855
4281,3856
4281,3857
4281,3858
4281,3859
4281,3860
4281,3861
4282,3855
4282,3856
4282,3857
4282,3858
4282,3859
4282,3860
4282,3861
4283,3855
4283,3856
4283,3857
4283,3858
4283,3859
4283,3860
4283,3861
4284,3855
4284,3856
4284,3857
4284,3858
4284,3859
4284,3860
4284,3861
4285,3855
4285,3856
4285,3857
4285,3858
4285,3859
4285,3860
4285,3861
4286,3855
4286,3856
4286,3857
4286,3858
4286,3859
4286,3860
4286,3861
4287,3855
4287,3856
4287,3857
4287,3858
4287,3859
4287,3860
4287,3861
4288,3856
4288,3857
4288,3858
4288,3859
4288,3860
4288,3861
4288,3855
4326,3091
4326,4550
4327,3091
4327,4550
4328,3091
4328,4550
4329,3091
4329,4550
4330,3091
4330,4550
4331,3091
4331,4550
4332,3091
4332,4550
4333,3091
4333,4550
4334,3091
4334,4550
4336,3091
4336,4550
4337,3091
4337,4550
4338,3091
4338,4550
4339,3091
4339,4550
4340,3091
4340,4550
4341,3091
4341,4550
4342,3091
4342,4550
4343,3091
4343,4550
4344,3091
4344,4550
4345,3091
4345,4550
4346,3091
4346,4550
4347,3091
4347,4550
4348,3091
4348,4550
4349,3091
4349,4550
4370,3176
4370,3177
4375,3176
4375,3177
4376,3176
4376,3177
4378,3176
4378,3177
4379,3176
4379,3177
4380,3176
4380,3177
4381,3176
4381,3177
4382,3176
4382,3177
4384,2981
4385,2981
4387,3091
4387,4550
4400,2981
4402,3073
4402,3075
4402,3079
4421,3073
4421,3075
4421,3079
4423,3176
4423,3177
4424,3176
4424,3177
4429,3855
4429,3856
4429,3857
4429,3858
4429,3859
4429,3860
4429,3861
4438,2981
4439,2981
4449,3753
4449,3754
4450,3753
4450,3754
4451,3753
4451,3754
4452,3753
4452,3754
4453,3753
4453,3754
4454,3753
4454,3754
4455,3855
4455,3856
4455,3857
4455,3858
4455,3859
4455,3860
4455,3861
4456,3855
4456,3856
4456,3857
4456,3858
4456,3859
4456,3860
4456,3861
4457,3855
4457,3856
4457,3857
4457,3858
4457,3859
4457,3860
4457,3861
4458,3855
4458,3856
4458,3857
4458,3858
4458,3859
4458,3860
4458,3861
4459,3855
4459,3856
4459,3857
4459,3858
4459,3859
4459,3860
4459,3861
4460,3855
4460,3856
4460,3857
4460,3858
4460,3859
4460,3860
4460,3861
4461,3855
4461,3856
4461,3857
4461,3858
4461,3859
4461,3860
4461,3861
4462,3855
4462,3856
4462,3857
4462,3858
4462,3859
4462,3860
4462,3861
4463,3855
4463,3856
4463,3857
4463,3858
4463,3859
4463,3860
4463,3861
4464,3855
4464,3856
4464,3857
4464,3858
4464,3859
4464,3860
4464,3861
4465,3855
4465,3856
4465,3857
4465,3858
4465,3859
4465,3860
4465,3861
4466,3855
4466,3856
4466,3857
4466,3858
4466,3859
4466,3860
4466,3861
4467,3855
4467,3856
4467,3857
4467,3858
4467,3859
4467,3860
4467,3861
4468,3855
4468,3856
4468,3857
4468,3858
4468,3859
4468,3860
4468,3861
4469,3855
4469,3856
4469,3857
4469,3858
4469,3859
4469,3860
4469,3861
4470,3855
4470,3856
4470,3857
4470,3858
4470,3859
4470,3860
4470,3861
4471,3855
4471,3856
4471,3857
4471,3858
4471,3859
4471,3860
4471,3861
4472,3855
4472,3856
4472,3857
4472,3858
4472,3859
4472,3860
4472,3861
4473,3855
4473,3856
4473,3857
4473,3858
4473,3859
4473,3860
4473,3861
4474,3855
4474,3856
4474,3857
4474,3858
4474,3859
4474,3860
4474,3861
4475,3855
4475,3856
4475,3857
4475,3858
4475,3859
4475,3860
4475,3861
4476,3855
4476,3856
4476,3857
4476,3858
4476,3859
4476,3860
4476,3861
4477,3855
4477,3856
4477,3857
4477,3858
4477,3859
4477,3860
4477,3861
4478,3855
4478,3856
4478,3857
4478,3858
4478,3859
4478,3860
4478,3861
4479,3855
4479,3856
4479,3857
4479,3858
4479,3859
4479,3860
4479,3861
4480,3855
4480,3856
4480,3857
4480,3858
4480,3859
4480,3860
4480,3861
4481,3855
4481,3856
4481,3857
4481,3858
4481,3859
4481,3860
4481,3861
4482,3855
4482,3856
4482,3857
4482,3858
4482,3859
4482,3860
4482,3861
4483,3855
4483,3856
4483,3857
4483,3858
4483,3859
4483,3860
4483,3861
4484,3855
4484,3856
4484,3857
4484,3858
4484,3859
4484,3860
4484,3861
4485,3855
4485,3856
4485,3857
4485,3858
4485,3859
4485,3860
4485,3861
4486,3855
4486,3856
4486,3857
4486,3858
4486,3859
4486,3860
4486,3861
4487,3855
4487,3856
4487,3857
4487,3858
4487,3859
4487,3860
4487,3861
4488,3855
4488,3856
4488,3857
4488,3858
4488,3859
4488,3860
4488,3861
4497,3779
4498,3756
4498,3757
4498,3758
4498,3759
4498,3760
4498,3916
4499,3756
4499,3757
4499,3758
4499,3759
4499,3760
4499,3916
4500,3756
4500,3757
4500,3758
4500,3759
4500,3760
4500,3916
4501,3756
4501,3757
4501,3758
4501,3759
4501,3760
4501,3916
4502,3756
4502,3757
4502,3758
4502,3759
4502,3760
4502,3916
4503,3756
4503,3757
4503,3758
4503,3759
4503,3760
4503,3916
4504,3756
4504,3757
4504,3758
4504,3759
4504,3760
4504,3916
4516,2981
4517,2981
4518,2981
4519,2981
4520,3855
4520,3856
4520,3857
4520,3858
4520,3859
4520,3860
4520,3861
4521,3855
4521,3856
4521,3857
4521,3858
4521,3859
4521,3860
4521,3861
4522,3855
4522,3856
4522,3857
4522,3858
4522,3859
4522,3860
4522,3861
4550,831
4550,832
4550,833
4550,834
4550,1100
4550,1186
4550,1276
4550,1277
4550,1278
4550,1279
4550,1860
4550,1861
4550,1862
4550,1863
4550,1864
4550,1865
4550,1866
4550,1867
4550,1868
4550,1869
4550,1870
4550,1871
4550,1872
4550,1873
4550,1874
4550,2080
4550,2250
4550,2404
4550,2548
4550,2604
4550,2662
4550,3118
4550,3493
4550,3533
4550,3534
4550,3535
4550,3536
4550,3862
4550,3863
4550,3864
4550,3865
4550,4063
4550,4090
4550,4326
4550,4327
4550,4328
4550,4329
4550,4330
4550,4331
4550,4332
4550,4333
4550,4334
4550,4336
4550,4337
4550,4338
4550,4339
4550,4340
4550,4341
4550,4342
4550,4343
4550,4344
4550,4345
4550,4346
4550,4347
4550,4348
4550,4349
4550,4387
4550,4712
4550,4844
4550,4919
4550,5077
4550,5244
4550,5245
4550,5246
4550,5247
4550,5320
4550,5951
4550,5994
4550,5995
4550,6041
4557,2788
4607,255
4607,256
4607,303
4607,304
4607,738
4607,739
4607,740
4607,741
4607,742
4607,743
4607,744
4607,745
4607,854
4607,1249
4607,1250
4607,1251
4607,1252
4607,1253
4607,1254
4607,2393
4607,2394
4607,2395
4607,2396
4607,2812
4607,2813
4607,2814
4607,2846
4607,2847
4607,3049
4607,3130
4607,3721
4607,3722
4607,3723
4607,3724
4607,3725
4607,3726
4607,4072
4607,4099
4607,4176
4607,4177
4607,4917
4607,5058
4607,5059
4607,5060
4607,5075
4607,5640
4607,5964
4607,5965
4607,5966
4607,5967
4607,5968
4607,5969
4607,5970
4607,5971
4607,5977
4607,5978
4607,5979
4607,5980
4607,5981
4607,5982
4608,255
4608,256
4608,303
4608,304
4608,738
4608,739
4608,740
4608,741
4608,742
4608,743
4608,744
4608,745
4608,854
4608,1249
4608,1250
4608,1251
4608,1252
4608,1253
4608,1254
4608,2393
4608,2394
4608,2395
4608,2396
4608,2812
4608,2813
4608,2814
4608,2846
4608,2847
4608,3049
4608,3130
4608,3721
4608,3722
4608,3723
4608,3724
4608,3725
4608,3726
4608,4072
4608,4099
4608,4176
4608,4177
4608,4917
4608,5058
4608,5059
4608,5060
4608,5075
4608,5640
4608,5964
4608,5965
4608,5966
4608,5967
4608,5968
4608,5969
4608,5970
4608,5971
4608,5977
4608,5978
4608,5979
4608,5980
4608,5981
4608,5982
4651,3855
4651,3856
4651,3857
4651,3858
4651,3859
4651,3860
4651,3861
4667,2981
4668,2981
4669,2981
4702,3753
4702,3754
4703,3855
4703,3856
4703,3857
4703,3858
4703,3859
4703,3860
4703,3861
4710,3176
4710,3177
4712,3091
4712,4550
4716,3779
4734,3176
4734,3177
4737,3176
4737,3177
4740,3176
4740,3177
4844,3091
4844,4550
4908,3753
4908,3754
4911,3075
4911,3079
4911,3073
4914,2981
4917,2350
4917,4607
4917,4608
4919,3091
4919,4550
4921,3778
4938,2343
4970,2343
4971,2343
4972,2343
5012,2261
5012,2990
5012,2991
5012,2992
5012,3103
5012,3241
5012,3418
5012,3428
5012,3429
5012,3430
5012,3438
5012,3449
5012,3593
5012,3619
5012,3620
5012,3621
5012,3622
5012,3626
5012,3627
5016,2261
5016,2990
5016,2991
5016,2992
5016,3103
5016,3241
5016,3418
5016,3428
5016,3429
5016,3430
5016,3438
5016,3449
5016,3593
5016,3619
5016,3620
5016,3621
5016,3622
5016,3626
5016,3627
5020,3781
5058,2350
5058,4607
5058,4608
5059,2350
5059,4607
5059,4608
5060,2350
5060,4607
5060,4608
5063,3778
5065,3073
5065,3075
5065,3079
5069,3753
5069,3754
5071,2981
5075,2350
5075,4607
5075,4608
5077,3091
5077,4550
5078,3176
5078,3177
5084,3756
5084,3757
5084,3758
5084,3759
5084,3760
5084,3916
5086,3779
5093,3778
5094,3778
5095,3778
5096,3778
5097,3778
5098,3778
5104,3756
5104,3757
5104,3758
5104,3759
5104,3760
5104,3916
5105,3756
5105,3757
5105,3758
5105,3759
5105,3760
5105,3916
5109,3176
5109,3177
5110,3177
5110,3176
5111,3176
5111,3177
5129,2981
5130,2981
5131,2981
5132,3176
5132,3177
5133,2981
5134,2981
5136,3756
5136,3757
5136,3758
5136,3759
5136,3760
5136,3916
5137,3756
5137,3757
5137,3758
5137,3759
5137,3760
5137,3916
5138,3756
5138,3757
5138,3758
5138,3759
5138,3760
5138,3916
5139,3756
5139,3757
5139,3758
5139,3759
5139,3760
5139,3916
5140,3756
5140,3757
5140,3758
5140,3759
5140,3760
5140,3916
5141,3756
5141,3757
5141,3758
5141,3759
5141,3760
5141,3916
5142,3756
5142,3757
5142,3758
5142,3759
5142,3760
5142,3916
5143,3756
5143,3757
5143,3758
5143,3759
5143,3760
5143,3916
5189,2981
5190,2981
5191,2981
5192,2981
5193,2981
5194,2981
5195,2981
5240,3756
5240,3757
5240,3758
5240,3759
5240,3760
5240,3916
5241,3756
5241,3757
5241,3758
5241,3759
5241,3760
5241,3916
5242,3756
5242,3757
5242,3758
5242,3759
5242,3760
5242,3916
5243,3756
5243,3757
5243,3758
5243,3759
5243,3760
5243,3916
5244,3091
5244,4550
5245,3091
5245,4550
5246,3091
5246,4550
5247,3091
5247,4550
5248,2981
5249,2981
5250,2981
5251,2981
5252,2981
5272,3753
5272,3754
5274,2981
5276,3176
5276,3177
5283,3756
5283,3757
5283,3758
5283,3759
5283,3760
5283,3916
5284,3756
5284,3757
5284,3758
5284,3759
5284,3760
5284,3916
5285,3756
5285,3757
5285,3758
5285,3759
5285,3760
5285,3916
5286,3756
5286,3757
5286,3758
5286,3759
5286,3760
5286,3916
5287,3756
5287,3757
5287,3758
5287,3759
5287,3760
5287,3916
5288,3176
5288,3177
5289,3176
5289,3177
5292,3753
5292,3754
5318,3779
5319,3779
5320,3091
5320,4550
5344,3779
5350,3073
5350,3075
5350,3079
5351,3073
5351,3075
5351,3079
5352,3073
5352,3075
5352,3079
5353,3073
5353,3075
5353,3079
5354,3073
5354,3075
5354,3079
5355,3073
5355,3075
5355,3079
5356,3073
5356,3075
5356,3079
5357,3073
5357,3075
5357,3079
5358,3073
5358,3075
5358,3079
5359,3073
5359,3075
5359,3079
5360,3073
5360,3075
5360,3079
5361,3073
5361,3075
5361,3079
5362,3073
5362,3075
5362,3079
5363,3073
5363,3075
5363,3079
5364,3073
5364,3075
5364,3079
5365,3073
5365,3075
5365,3079
5366,3073
5366,3075
5366,3079
5371,3073
5371,3075
5371,3079
5372,3073
5372,3075
5372,3079
5373,2981
5374,2981
5375,2981
5376,2981
5377,2981
5378,2981
5379,2981
5380,2981
5381,2981
5382,2981
5383,2981
5384,2981
5385,2981
5386,2981
5387,2981
5388,2981
5389,2981
5390,2981
5391,2981
5400,2981
5401,2981
5402,2981
5403,2981
5404,2981
5405,3756
5405,3757
5405,3758
5405,3759
5405,3760
5405,3916
5406,3756
5406,3757
5406,3758
5406,3759
5406,3760
5406,3916
5407,3756
5407,3757
5407,3758
5407,3759
5407,3760
5407,3916
5408,3756
5408,3757
5408,3758
5408,3759
5408,3760
5408,3916
5409,3756
5409,3757
5409,3758
5409,3759
5409,3760
5409,3916
5410,3756
5410,3757
5410,3758
5410,3759
5410,3760
5410,3916
5411,3756
5411,3757
5411,3758
5411,3759
5411,3760
5411,3916
5412,3756
5412,3757
5412,3758
5412,3759
5412,3760
5412,3916
5419,3176
5419,3177
5420,3176
5420,3177
5444,2981
5451,3779
5452,3779
5460,3073
5460,3075
5460,3079
5461,3855
5461,3856
5461,3857
5461,3858
5461,3859
5461,3860
5461,3861
5469,3756
5469,3757
5469,3758
5469,3759
5469,3760
5469,3916
5473,2343
5474,2343
5477,3668
5477,3669
5524,3073
5524,3075
5524,3079
5525,3075
5525,3079
5525,3073
5526,3073
5526,3075
5526,3079
5527,2343
5530,3073
5530,3075
5530,3079
5548,3424
5573,2339
5589,3753
5589,3754
5590,3753
5590,3754
5592,3753
5592,3754
5601,2982
5601,3415
5640,2350
5640,4607
5640,4608
5657,3073
5657,3075
5657,3079
5671,3126
5683,3073
5683,3075
5683,3079
5690,3778
5738,3778
5739,3778
5814,3668
5814,3669
5929,2982
5929,3415
5941,3073
5941,3075
5941,3079
5942,3855
5942,3856
5942,3857
5942,3858
5942,3859
5942,3860
5942,3861
5943,3779
5945,3753
5945,3754
5951,3091
5951,4550
5952,2981
5964,2350
5964,4607
5964,4608
5965,2350
5965,4607
5965,4608
5966,2350
5966,4607
5966,4608
5967,2350
5967,4607
5967,4608
5968,2350
5968,4607
5968,4608
5969,2350
5969,4607
5969,4608
5970,2350
5970,4607
5970,4608
5971,2350
5971,4607
5971,4608
5972,3855
5972,3856
5972,3857
5972,3858
5972,3859
5972,3860
5972,3861
5973,3855
5973,3856
5973,3857
5973,3858
5973,3859
5973,3860
5973,3861
5974,3855
5974,3856
5974,3857
5974,3858
5974,3859
5974,3860
5974,3861
5975,3855
5975,3856
5975,3857
5975,3858
5975,3859
5975,3860
5975,3861
5976,3855
5976,3856
5976,3857
5976,3858
5976,3859
5976,3860
5976,3861
5977,2350
5977,4607
5977,4608
5978,2350
5978,4607
5978,4608
5979,2350
5979,4607
5979,4608
5980,2350
5980,4607
5980,4608
5981,2350
5981,4608
5981,4607
5982,2350
5982,4607
5982,4608
5989,3073
5989,3075
5989,3079
5994,3091
5994,4550
5995,3091
5995,4550
6001,2981
6002,2981
6003,2981
6004,2981
6005,2981
6015,2981
6023,2981
6028,3073
6028,3075
6028,3079
6029,3855
6029,3856
6029,3857
6029,3858
6029,3859
6029,3860
6029,3861
6037,3756
6037,3757
6037,3758
6037,3759
6037,3760
6037,3916
6041,3091
6041,4550
6046,3073
6046,3075
6046,3079
6049,3756
6049,3757
6049,3758
6049,3759
6049,3760
